{"cameraMode":{"drawMode":0,"name":"Shaded","section":"Shading Mode"},"sceneLighting":true,"audioPlay":false,"sceneViewState":{"showFog":true,"showMaterialUpdate":false,"showSkybox":true,"showFlares":true,"showImageEffects":true,"showParticleSystems":true},"in2DMode":false,"pivot":{"x":-5.577676773071289,"y":-6.2625603675842289,"z":-0.31512451171875},"rotation":{"x":-0.23768484592437745,"y":0.3276609778404236,"z":-0.08541423082351685,"w":-0.9104970693588257},"size":59.960697174072269,"orthographic":false}