{"cameraMode":{"drawMode":0,"name":"Shaded","section":"Shading Mode"},"sceneLighting":false,"audioPlay":false,"sceneViewState":{"showFog":true,"showMaterialUpdate":false,"showSkybox":true,"showFlares":true,"showImageEffects":true,"showParticleSystems":true},"in2DMode":false,"pivot":{"x":2.317702293395996,"y":-12.246665954589844,"z":-13.314345359802246},"rotation":{"x":-0.07975287735462189,"y":-0.8764760494232178,"z":0.15568746626377107,"w":-0.4487863779067993},"size":8.552604675292969,"orthographic":false}